review,sentiment
Absolutely loved this movie. Review 1.,positive
Fantastic acting and great story. Review 2.,positive
Amazing experience from start to finish. Review 3.,positive
Highly recommend this film. Review 4.,positive
Wonderful soundtrack and visuals. Review 5.,positive
Excellent movie with emotional depth. Review 6.,positive
Brilliant performance by the cast. Review 7.,positive
I enjoyed every minute. Review 8.,positive
One of the best movies ever. Review 9.,positive
A masterpiece. Review 10.,positive
Absolutely loved this movie. Review 11.,positive
Fantastic acting and great story. Review 12.,positive
Amazing experience from start to finish. Review 13.,positive
Highly recommend this film. Review 14.,positive
Wonderful soundtrack and visuals. Review 15.,positive
Excellent movie with emotional depth. Review 16.,positive
Brilliant performance by the cast. Review 17.,positive
I enjoyed every minute. Review 18.,positive
One of the best movies ever. Review 19.,positive
A masterpiece. Review 20.,positive
Absolutely loved this movie. Review 21.,positive
Fantastic acting and great story. Review 22.,positive
Amazing experience from start to finish. Review 23.,positive
Highly recommend this film. Review 24.,positive
Wonderful soundtrack and visuals. Review 25.,positive
Excellent movie with emotional depth. Review 26.,positive
Brilliant performance by the cast. Review 27.,positive
I enjoyed every minute. Review 28.,positive
One of the best movies ever. Review 29.,positive
A masterpiece. Review 30.,positive
Absolutely loved this movie. Review 31.,positive
Fantastic acting and great story. Review 32.,positive
Amazing experience from start to finish. Review 33.,positive
Highly recommend this film. Review 34.,positive
Wonderful soundtrack and visuals. Review 35.,positive
Excellent movie with emotional depth. Review 36.,positive
Brilliant performance by the cast. Review 37.,positive
I enjoyed every minute. Review 38.,positive
One of the best movies ever. Review 39.,positive
A masterpiece. Review 40.,positive
Absolutely loved this movie. Review 41.,positive
Fantastic acting and great story. Review 42.,positive
Amazing experience from start to finish. Review 43.,positive
Highly recommend this film. Review 44.,positive
Wonderful soundtrack and visuals. Review 45.,positive
Excellent movie with emotional depth. Review 46.,positive
Brilliant performance by the cast. Review 47.,positive
I enjoyed every minute. Review 48.,positive
One of the best movies ever. Review 49.,positive
A masterpiece. Review 50.,positive
I hated this movie. Review 1.,negative
Terrible acting and weak plot. Review 2.,negative
A complete waste of time. Review 3.,negative
Very boring and slow. Review 4.,negative
Poorly written script. Review 5.,negative
Disappointing from beginning to end. Review 6.,negative
Awful experience overall. Review 7.,negative
I would not recommend it. Review 8.,negative
One of the worst movies ever. Review 9.,negative
Bad direction and editing. Review 10.,negative
I hated this movie. Review 11.,negative
Terrible acting and weak plot. Review 12.,negative
A complete waste of time. Review 13.,negative
Very boring and slow. Review 14.,negative
Poorly written script. Review 15.,negative
Disappointing from beginning to end. Review 16.,negative
Awful experience overall. Review 17.,negative
I would not recommend it. Review 18.,negative
One of the worst movies ever. Review 19.,negative
Bad direction and editing. Review 20.,negative
I hated this movie. Review 21.,negative
Terrible acting and weak plot. Review 22.,negative
A complete waste of time. Review 23.,negative
Very boring and slow. Review 24.,negative
Poorly written script. Review 25.,negative
Disappointing from beginning to end. Review 26.,negative
Awful experience overall. Review 27.,negative
I would not recommend it. Review 28.,negative
One of the worst movies ever. Review 29.,negative
Bad direction and editing. Review 30.,negative
I hated this movie. Review 31.,negative
Terrible acting and weak plot. Review 32.,negative
A complete waste of time. Review 33.,negative
Very boring and slow. Review 34.,negative
Poorly written script. Review 35.,negative
Disappointing from beginning to end. Review 36.,negative
Awful experience overall. Review 37.,negative
I would not recommend it. Review 38.,negative
One of the worst movies ever. Review 39.,negative
Bad direction and editing. Review 40.,negative
I hated this movie. Review 41.,negative
Terrible acting and weak plot. Review 42.,negative
A complete waste of time. Review 43.,negative
Very boring and slow. Review 44.,negative
Poorly written script. Review 45.,negative
Disappointing from beginning to end. Review 46.,negative
Awful experience overall. Review 47.,negative
I would not recommend it. Review 48.,negative
One of the worst movies ever. Review 49.,negative
Bad direction and editing. Review 50.,negative
